{
  "name": "PID_balance_ball",
  "type": "ARM",
  "dependenceList": [],
  "srcDirs": [
    ".eide/deps"
  ],
  "virtualFolder": {
    "name": "<virtual_root>",
    "files": [],
    "folders": [
      {
        "name": "::CMSIS",
        "files": [],
        "folders": []
      },
      {
        "name": "Application",
        "files": [],
        "folders": [
          {
            "name": "MDK-ARM",
            "files": [
              {
                "path": "startup_stm32f103xb.s"
              }
            ],
            "folders": []
          },
          {
            "name": "User",
            "files": [
              {
                "path": "../Src/adc.c"
              },
              {
                "path": "../Src/gpio.c"
              },
              {
                "path": "../Src/main.c"
              },
              {
                "path": "../Src/stm32f1xx_hal_msp.c"
              },
              {
                "path": "../Src/stm32f1xx_it.c"
              },
              {
                "path": "../Src/tim.c"
              },
              {
                "path": "../Src/usart.c"
              },
              {
                "path": "../User/MG90S.c"
              },
              {
                "path": "../User/PID.c"
              },
              {
                "path": "../User/PID.h"
              },
              {
                "path": "../User/user_adc.c"
              },
              {
                "path": "../User/user_adc.h"
              }
            ],
            "folders": []
          }
        ]
      },
      {
        "name": "Drivers",
        "files": [],
        "folders": [
          {
            "name": "STM32F1xx_HAL_Driver",
            "files": [
              {
                "path": "../Drivers/STM32F1xx_HAL_Driver/Src/stm32f1xx_hal_gpio_ex.c"
              },
              {
                "path": "../Drivers/STM32F1xx_HAL_Driver/Src/stm32f1xx_hal_adc.c"
              },
              {
                "path": "../Drivers/STM32F1xx_HAL_Driver/Src/stm32f1xx_hal_adc_ex.c"
              },
              {
                "path": "../Drivers/STM32F1xx_HAL_Driver/Src/stm32f1xx_hal.c"
              },
              {
                "path": "../Drivers/STM32F1xx_HAL_Driver/Src/stm32f1xx_hal_rcc.c"
              },
              {
                "path": "../Drivers/STM32F1xx_HAL_Driver/Src/stm32f1xx_hal_rcc_ex.c"
              },
              {
                "path": "../Drivers/STM32F1xx_HAL_Driver/Src/stm32f1xx_hal_gpio.c"
              },
              {
                "path": "../Drivers/STM32F1xx_HAL_Driver/Src/stm32f1xx_hal_dma.c"
              },
              {
                "path": "../Drivers/STM32F1xx_HAL_Driver/Src/stm32f1xx_hal_cortex.c"
              },
              {
                "path": "../Drivers/STM32F1xx_HAL_Driver/Src/stm32f1xx_hal_pwr.c"
              },
              {
                "path": "../Drivers/STM32F1xx_HAL_Driver/Src/stm32f1xx_hal_flash.c"
              },
              {
                "path": "../Drivers/STM32F1xx_HAL_Driver/Src/stm32f1xx_hal_flash_ex.c"
              },
              {
                "path": "../Drivers/STM32F1xx_HAL_Driver/Src/stm32f1xx_hal_exti.c"
              },
              {
                "path": "../Drivers/STM32F1xx_HAL_Driver/Src/stm32f1xx_hal_tim.c"
              },
              {
                "path": "../Drivers/STM32F1xx_HAL_Driver/Src/stm32f1xx_hal_tim_ex.c"
              },
              {
                "path": "../Drivers/STM32F1xx_HAL_Driver/Src/stm32f1xx_hal_uart.c"
              }
            ],
            "folders": []
          },
          {
            "name": "CMSIS",
            "files": [
              {
                "path": "../Src/system_stm32f1xx.c"
              }
            ],
            "folders": []
          }
        ]
      }
    ]
  },
  "outDir": "build",
  "deviceName": null,
  "packDir": null,
  "miscInfo": {
    "uid": "2b76ddc8f52f7e2173e40e66dd48b4c6"
  },
  "targets": {
    "PID_balance_ball": {
      "excludeList": [],
      "toolchain": "AC5",
      "compileConfig": {
        "cpuType": "Cortex-M3",
        "floatingPointHardware": "none",
        "scatterFilePath": "",
        "useCustomScatterFile": false,
        "storageLayout": {
          "RAM": [
            {
              "tag": "RAM",
              "id": 1,
              "mem": {
                "startAddr": "0x0",
                "size": "0x0"
              },
              "isChecked": false,
              "noInit": false
            },
            {
              "tag": "RAM",
              "id": 2,
              "mem": {
                "startAddr": "0x0",
                "size": "0x0"
              },
              "isChecked": false,
              "noInit": false
            },
            {
              "tag": "RAM",
              "id": 3,
              "mem": {
                "startAddr": "0x0",
                "size": "0x0"
              },
              "isChecked": false,
              "noInit": false
            },
            {
              "tag": "IRAM",
              "id": 1,
              "mem": {
                "startAddr": "0x20000000",
                "size": "0x5000"
              },
              "isChecked": true,
              "noInit": false
            },
            {
              "tag": "IRAM",
              "id": 2,
              "mem": {
                "startAddr": "0x0",
                "size": "0x0"
              },
              "isChecked": false,
              "noInit": false
            }
          ],
          "ROM": [
            {
              "tag": "ROM",
              "id": 1,
              "mem": {
                "startAddr": "0x0",
                "size": "0x0"
              },
              "isChecked": false,
              "isStartup": false
            },
            {
              "tag": "ROM",
              "id": 2,
              "mem": {
                "startAddr": "0x0",
                "size": "0x0"
              },
              "isChecked": false,
              "isStartup": false
            },
            {
              "tag": "ROM",
              "id": 3,
              "mem": {
                "startAddr": "0x0",
                "size": "0x0"
              },
              "isChecked": false,
              "isStartup": false
            },
            {
              "tag": "IROM",
              "id": 1,
              "mem": {
                "startAddr": "0x8000000",
                "size": "0x10000"
              },
              "isChecked": true,
              "isStartup": true
            },
            {
              "tag": "IROM",
              "id": 2,
              "mem": {
                "startAddr": "0x0",
                "size": "0x0"
              },
              "isChecked": false,
              "isStartup": false
            }
          ]
        },
        "options": "null"
      },
      "uploader": "JLink",
      "uploadConfig": {
        "bin": "",
        "baseAddr": "",
        "cpuInfo": {
          "vendor": "null",
          "cpuName": "null"
        },
        "proType": 1,
        "speed": 8000,
        "otherCmds": ""
      },
      "uploadConfigMap": {},
      "custom_dep": {
        "name": "default",
        "incList": [
          "../Inc",
          "../Drivers/STM32F1xx_HAL_Driver/Inc",
          "../Drivers/STM32F1xx_HAL_Driver/Inc/Legacy",
          "../Drivers/CMSIS/Device/ST/STM32F1xx/Include",
          "../Drivers/CMSIS/Include",
          "../User",
          ".cmsis/include",
          "RTE/_PID_balance_ball",
          ".eide/deps"
        ],
        "libList": [],
        "sourceDirList": [],
        "defineList": [
          "USE_HAL_DRIVER",
          "STM32F103xB"
        ]
      }
    }
  },
  "version": "3.3"
}